{
  "post" : {
    "transaction" : "post",
    "sampleCount" : 400,
    "errorCount" : 0,
    "errorPct" : 0.0,
    "meanResTime" : 2.9600000000000004,
    "medianResTime" : 3.0,
    "minResTime" : 2.0,
    "maxResTime" : 21.0,
    "pct1ResTime" : 4.0,
    "pct2ResTime" : 4.0,
    "pct3ResTime" : 17.930000000000064,
    "throughput" : 41.33512452206262,
    "receivedKBytesPerSec" : 8.880593159036891,
    "sentKBytesPerSec" : 11.060375116255038
  },
  "Total" : {
    "transaction" : "Total",
    "sampleCount" : 800,
    "errorCount" : 0,
    "errorPct" : 0.0,
    "meanResTime" : 4.3212499999999885,
    "medianResTime" : 4.0,
    "minResTime" : 2.0,
    "maxResTime" : 57.0,
    "pct1ResTime" : 6.0,
    "pct2ResTime" : 7.0,
    "pct3ResTime" : 18.0,
    "throughput" : 82.12709167436607,
    "receivedKBytesPerSec" : 3244.5184777936047,
    "sentKBytesPerSec" : 16.88257109126373
  },
  "findAll" : {
    "transaction" : "findAll",
    "sampleCount" : 400,
    "errorCount" : 0,
    "errorPct" : 0.0,
    "meanResTime" : 5.682499999999999,
    "medianResTime" : 5.0,
    "minResTime" : 3.0,
    "maxResTime" : 57.0,
    "pct1ResTime" : 7.0,
    "pct2ResTime" : 8.0,
    "pct3ResTime" : 43.8900000000001,
    "throughput" : 41.0719786425711,
    "receivedKBytesPerSec" : 3236.360713850241,
    "sentKBytesPerSec" : 5.896075059040969
  }
}